Fruit Fly,MGVPAGDVEKGKKLFVQRCAQCHTVEAGGKHKVGPNLHGLIGRKTGQAAGFAYTDANKAKGITWNEDTLFEYLENPKKYIPGTKMIFAGLKKPNERGDLIAYLKSATK,Animal
Horse,MGDVEKGKKIFVQKCAQCHTVEKGGKHKTGPNLHGLFGRKTGQAPGFSYTDANKNKGITWKEETLMEYLENPKKYIPGTKMIFAGIKKKTEREDLIAYLKKATNE,Animal
Cow,MGDVEKGKKIFVQKCAQCHTVEKGGKHKTGPNLHGLFGRKTGQAPGFSYTDANKNKGITWGEETLMEYLENPKKYIPGTKMIFAGIKKKGEREDLIAYLKKATNE,Animal
Human,MGDVEKGKKIFIMKCSQCHTVEKGGKHKTGPNLHGLFGRKTGQAPGYSYTAANKNKGIIWGEDTLMEYLENPKKYIPGTKMIFVGIKKKEERADLIAYLKKATNE,Animal
Thale cress,MASFDEAPPGNAKAGEKIFRTKCAQCHTVEAGAGHKQGPNLNGLFGRQSGTTAGYSYSAANKNKAVEWEEKALYDYLLNPKKYIPGTKMVFPGLKKPQDRADLIAYLKESTAPK,Plant
Boar,MGDVEKGKKIFVQKCAQCHTVEKGGKHKTGPNLHGLFGRKTGQAPGFSYTDANKNKGITWGEETLMEYLENPKKYIPGTKMIFAGIKKKGEREDLIAYLKKATNE,Animal
Chicken,MGDIEKGKKIFVQKCSQCHTVEKGGKHKTGPNLHGLFGRKTGQAEGFSYTDANKNKGITWGEDTLMEYLENPKKYIPGTKMIFAGIKKKSERVDLIAYLKDATSK,Animal
Soybean,MASFDEAPPGNSKNGEKIFKTKCAQCHTVDKGAGHKQGPNLNGLFGRQSGTTPGYSYSTANKNMAVIWEEKTLYDYLLNPKKYIPGTKMVFPGLKKPQERADLIAYLKESTA,Plant
Silk worm/moth,MGVPAGNAENGKKIFVQRCAQCHTVEAGGKHKVGQNLHGFFGRKTGQAAGFSYSDANKAKGITWNDDTLFEYLENPKKYIPGTKMVFAGLKKANERADLIAYLKSATK,Animal
Dog,MGDVEKGKKIFVQKCAQCHTVEKGGKHKTGPNLHGLFGRKTGQAPGFSYTDANKNKGITWGEETLMEYLENPKKYIPGTKMIFAGIKKTGERADLIAYLKKATKE,Animal
Corn,MASFSEAPPGNPKAGEKIFKTKCAQCHTVDKGAGHKQGPNLNGLFGRQSGTTAGYSYSAGNKNKAVVWEEDTLYEYLLNPKKYIPGTKMVFPGLKKPQERADLIAYLKEATA,Plant
Asian swallowtail butterfly/caterpillar,MLKTAKKIFVQRCAQCHTVEAGGKHKVGPNLHGFFGRKTGQAPGFTYSEANKAKGITWGEDTLFEYLENPKKYIPGTKMVFAGLKKANERADLIAYLKEASK,Animal
Mormon swallowtail butterfly/caterpillar,MGIPAGNAENGKKIFVQRCAQCHTVEAGGKHKVGPNLHGFFGRKTGQAPGFTYSEANKAKGIIWGDDTLFEYLENPKKYIPGTKMVFAGLKKANERADLIAYLKEASK,Animal
Rat,MGDVEKGKKIFVQKCAQCHTVEKGGKHKTGPNLHGLFGRKTGQAAGFSYTDANKNKGITWGEDTLMEYLENPKKYIPGTKMIFAGIKKKGERADLIAYLKKATNE,Animal
Chimpanzee,MGDVEKGKKIFIMKCSQCHTVEKGGKHKTGPNLHGLFGRKTGQAPGYSYTAANKNKGIIWGEDTLMEYLENPKKYIPGTKMIFVGIKKKEERADLIAYLKKATNE,Animal
Diamondback moth/caterpillar,MGIPAGNAENGKKIFVQRCAQCHTVEAGGKHKVGPNLNGFFGRKTGQAAGFSYSDANKSKGISWNEDTLFEYLENPKKYIPGTKMVFAGLKKANERADLIAYLKVATK,Animal
Northern pike,MGDIAKGKKAFVQKCAQCHTVEEGGKHKVGPNLWGLFGRKTGQAPGFSYTDANKSKGITWSEDTLMEYLENPKKYIPGTKMIFAGIKKKGERQDLIAYLKSATS,Animal
Australian ghostshark,MGDINKGKKIFVQKCAQCHTVEQGGKHKTGPNLSGLIGRKTGQSPGFSYTEANKNKGIVWGEETLMEYLANPKKYIPGTKMIFAGIKKANERTDLIAYLKSATSQ,Animal
Zebra finch,MGDVEKGKKIFVQKCSQCHTVEKGGKHKTGPNLNGLFGRKTGQAEGFSYTDANKNKGITWGEDTLMEYLENPKKYIPGTKMIFAGIKKKGERADLIAYLKVATAK,Animal
White-throated sparrow,MGDVEKGKKIFVQKCSQCHTVEKGGKHKTGPNLNGLFGRKTGQAEGFSYTDANKNKGITWGEDTLMEYLENPKKYIPGTKMIFAGIKKKNERADLIAYLKVATAK,Animal
Pseudogymnoascus,MPFKDGDSKKGANLFKTRCAQCHTLGDGEANKIGPNLHGLFGRQTGSVEGFSYTDANKQKAITWNTDTLFEYLENPKKYIPGTKMAFGGLKKEKDRNDLITFLREETK,Fungi
Mucor circinelloides,MSTPGAGNATAGAKLFKTRCAQCHTVEEGGPHKVGPNLHGLFGRKSGQAAGYSYTAANQEKGVTWDDQTLFDYLENPKKYIPGTKMAFAGFKKPKDRADVVAYLKDSC,Fungi
Puccinia sorghi,MAKKDSAGEVDPAAGAKLFGQRCATCHTVEKGAPHKACLSLSLFLSPKAIHLSIYFGRRTGQAAGYNYTEANVKKGITWSEETLMEYLIDPKKYIPGTKMAFAGLKKEKERANIVAYLKNSTM,Fungi
Mouse,MGDVEKGKKIFVQKCAQCHTVEKGGKHKTGPNLHGLFGRKTGQAAGFSYTDANKNKGITWGEDTLMEYLENPKKYIPGTKMIFAGIKKKGERADLIAYLKKATNE,Animal
Orangutan,MGDVEKGKKIFIMKCSQCHTVEKGGKHKTGPNLHGLFGRKTGQAPGYSYTAANKNKGIIWGEDTLMEYLENPKKYIPGTKMIFVGIKKKEERADLIAYLKKATNE,Animal
Zebrafish,MGDVEKGKKVFVQKCAQCHTVENGGKHKVGPNLWGLFGRKTGQAEGFSYTDANKSKGIVWGEDTLMEYLENPKKYIPGTKMIFAGIKKKGERADLIAYLKSATS,Animal
Minke whale,MCDVEKGKKIFVQKCAQCHTVEKGGKHKTGPNLHGLFGRKTGQAVGFSYTDANKNKGITWGEETLMEYLENPKKYIPGTKMIFAGIKKKGERADLIAYLKKATNE,Animal
Tomato,MASFGEAPPGNPKAGEKIFKTKCAQCHTVDKGAGHKQGPNLNGLFGRQSGTTAGYSYSNANKNMAVNWGENTLYDYLLNPKKYIPGTKMVFPGLKKPQERADLIAYLKEATA,Plant
Date palm tree,MATFSEAPPGNPKSGEKIFKTKCAQCHTVEKGAGHKQGPNLNGLFGRQSGTVPGYSYSAANKNMAVIWGESTLYDYLLNPKKYIPGTKMVFPGLKKPQERADLIAYLKESTAS,Plant
Red Clover,MASFEQAPPGDAKSGDKIFRTKCAQCHTAEKGAGHKQGPNLNGLFGRQSGTTPGYSYSAANKNMAVTWEEKTLYDYLLNPKKYIPGTKMVFPGLKKPQERADLIAYLKEATA,Plant
Coral,MGDIPAGDATKGAKVFKTKCAQCHTVEANGKHKTGPNLHGLFGRKTGQAPGFTYTDANKNKGITWGPDTLWIYLENPKKYIPGTKMVFAGLKKKTERADLIAYLKEATS,Animal
Algae,MGDNIDWSKAPAGDSTAGGKTFKTKCAQCHVAEKGGGHKQGPNLGGLFGRTSGTAAGYSYSAANKSKAVEWKEETLYEYLLNPKKYIPGTKMVFPGLKKPKDRADLIAYLKEATA,Plant