Fruit Fly,MGVPAGDVEKGKKLFVQRCAQCHTVEAGGKHKVGPNLHGLIGRKTGQAAGFAYTDANKAKGITWNEDTLFEYLENPKKYIPGTKMIFAGLKKPNERGDLIAYLKSATK,Insect
Horse,MGDVEKGKKIFVQKCAQCHTVEKGGKHKTGPNLHGLFGRKTGQAPGFSYTDANKNKGITWKEETLMEYLENPKKYIPGTKMIFAGIKKKTEREDLIAYLKKATNE,Mammal
Cow,MGDVEKGKKIFVQKCAQCHTVEKGGKHKTGPNLHGLFGRKTGQAPGFSYTDANKNKGITWGEETLMEYLENPKKYIPGTKMIFAGIKKKGEREDLIAYLKKATNE,Mammal
Human,MGDVEKGKKIFIMKCSQCHTVEKGGKHKTGPNLHGLFGRKTGQAPGYSYTAANKNKGIIWGEDTLMEYLENPKKYIPGTKMIFVGIKKKEERADLIAYLKKATNE,Mammal
Thale cress,MASFDEAPPGNAKAGEKIFRTKCAQCHTVEAGAGHKQGPNLNGLFGRQSGTTAGYSYSAANKNKAVEWEEKALYDYLLNPKKYIPGTKMVFPGLKKPQDRADLIAYLKESTAPK,Plant
Boar,MGDVEKGKKIFVQKCAQCHTVEKGGKHKTGPNLHGLFGRKTGQAPGFSYTDANKNKGITWGEETLMEYLENPKKYIPGTKMIFAGIKKKGEREDLIAYLKKATNE,Mammal
Chicken,MGDIEKGKKIFVQKCSQCHTVEKGGKHKTGPNLHGLFGRKTGQAEGFSYTDANKNKGITWGEDTLMEYLENPKKYIPGTKMIFAGIKKKSERVDLIAYLKDATSK,Bird
Soybean,MASFDEAPPGNSKNGEKIFKTKCAQCHTVDKGAGHKQGPNLNGLFGRQSGTTPGYSYSTANKNMAVIWEEKTLYDYLLNPKKYIPGTKMVFPGLKKPQERADLIAYLKESTA,Plant
Silk worm/moth,MGVPAGNAENGKKIFVQRCAQCHTVEAGGKHKVGQNLHGFFGRKTGQAAGFSYSDANKAKGITWNDDTLFEYLENPKKYIPGTKMVFAGLKKANERADLIAYLKSATK,Insect
Dog,MGDVEKGKKIFVQKCAQCHTVEKGGKHKTGPNLHGLFGRKTGQAPGFSYTDANKNKGITWGEETLMEYLENPKKYIPGTKMIFAGIKKTGERADLIAYLKKATKE,Mammal
Corn,MASFSEAPPGNPKAGEKIFKTKCAQCHTVDKGAGHKQGPNLNGLFGRQSGTTAGYSYSAGNKNKAVVWEEDTLYEYLLNPKKYIPGTKMVFPGLKKPQERADLIAYLKEATA,Plant
Asian swallowtail butterfly/caterpillar,MLKTAKKIFVQRCAQCHTVEAGGKHKVGPNLHGFFGRKTGQAPGFTYSEANKAKGITWGEDTLFEYLENPKKYIPGTKMVFAGLKKANERADLIAYLKEASK,Insect
Mormon swallowtail butterfly/caterpillar,MGIPAGNAENGKKIFVQRCAQCHTVEAGGKHKVGPNLHGFFGRKTGQAPGFTYSEANKAKGIIWGDDTLFEYLENPKKYIPGTKMVFAGLKKANERADLIAYLKEASK,Insect
Rat,MGDVEKGKKIFVQKCAQCHTVEKGGKHKTGPNLHGLFGRKTGQAAGFSYTDANKNKGITWGEDTLMEYLENPKKYIPGTKMIFAGIKKKGERADLIAYLKKATNE,Mammal
Chimpanzee,MGDVEKGKKIFIMKCSQCHTVEKGGKHKTGPNLHGLFGRKTGQAPGYSYTAANKNKGIIWGEDTLMEYLENPKKYIPGTKMIFVGIKKKEERADLIAYLKKATNE,Mammal
Diamondback moth/caterpillar,MGIPAGNAENGKKIFVQRCAQCHTVEAGGKHKVGPNLNGFFGRKTGQAAGFSYSDANKSKGISWNEDTLFEYLENPKKYIPGTKMVFAGLKKANERADLIAYLKVATK,Insect
Northern pike,MGDIAKGKKAFVQKCAQCHTVEEGGKHKVGPNLWGLFGRKTGQAPGFSYTDANKSKGITWSEDTLMEYLENPKKYIPGTKMIFAGIKKKGERQDLIAYLKSATS,Fish
Australian ghostshark,MGDINKGKKIFVQKCAQCHTVEQGGKHKTGPNLSGLIGRKTGQSPGFSYTEANKNKGIVWGEETLMEYLANPKKYIPGTKMIFAGIKKANERTDLIAYLKSATSQ,Fish
Zebra finch,MGDVEKGKKIFVQKCSQCHTVEKGGKHKTGPNLNGLFGRKTGQAEGFSYTDANKNKGITWGEDTLMEYLENPKKYIPGTKMIFAGIKKKGERADLIAYLKVATAK,Bird
White-throated sparrow,MGDVEKGKKIFVQKCSQCHTVEKGGKHKTGPNLNGLFGRKTGQAEGFSYTDANKNKGITWGEDTLMEYLENPKKYIPGTKMIFAGIKKKNERADLIAYLKVATAK,Bird
Pseudogymnoascus,MPFKDGDSKKGANLFKTRCAQCHTLGDGEANKIGPNLHGLFGRQTGSVEGFSYTDANKQKAITWNTDTLFEYLENPKKYIPGTKMAFGGLKKEKDRNDLITFLREETK,Fungi
Mucor circinelloides,MSTPGAGNATAGAKLFKTRCAQCHTVEEGGPHKVGPNLHGLFGRKSGQAAGYSYTAANQEKGVTWDDQTLFDYLENPKKYIPGTKMAFAGFKKPKDRADVVAYLKDSC,Fungi
Puccinia sorghi,MAKKDSAGEVDPAAGAKLFGQRCATCHTVEKGAPHKACLSLSLFLSPKAIHLSIYFGRRTGQAAGYNYTEANVKKGITWSEETLMEYLIDPKKYIPGTKMAFAGLKKEKERANIVAYLKNSTM,Fungi
Mouse,MGDVEKGKKIFVQKCAQCHTVEKGGKHKTGPNLHGLFGRKTGQAAGFSYTDANKNKGITWGEDTLMEYLENPKKYIPGTKMIFAGIKKKGERADLIAYLKKATNE,Mammal
Orangutan,MGDVEKGKKIFIMKCSQCHTVEKGGKHKTGPNLHGLFGRKTGQAPGYSYTAANKNKGIIWGEDTLMEYLENPKKYIPGTKMIFVGIKKKEERADLIAYLKKATNE,Mammal
Zebrafish,MGDVEKGKKVFVQKCAQCHTVENGGKHKVGPNLWGLFGRKTGQAEGFSYTDANKSKGIVWGEDTLMEYLENPKKYIPGTKMIFAGIKKKGERADLIAYLKSATS,Fish
Minke whale,MCDVEKGKKIFVQKCAQCHTVEKGGKHKTGPNLHGLFGRKTGQAVGFSYTDANKNKGITWGEETLMEYLENPKKYIPGTKMIFAGIKKKGERADLIAYLKKATNE,Mammal
Tomato,MASFGEAPPGNPKAGEKIFKTKCAQCHTVDKGAGHKQGPNLNGLFGRQSGTTAGYSYSNANKNMAVNWGENTLYDYLLNPKKYIPGTKMVFPGLKKPQERADLIAYLKEATA,Plant
Date palm tree,MATFSEAPPGNPKSGEKIFKTKCAQCHTVEKGAGHKQGPNLNGLFGRQSGTVPGYSYSAANKNMAVIWGESTLYDYLLNPKKYIPGTKMVFPGLKKPQERADLIAYLKESTAS,Plant
Red Clover,MASFEQAPPGDAKSGDKIFRTKCAQCHTAEKGAGHKQGPNLNGLFGRQSGTTPGYSYSAANKNMAVTWEEKTLYDYLLNPKKYIPGTKMVFPGLKKPQERADLIAYLKEATA,Plant
Coral,MGDIPAGDATKGAKVFKTKCAQCHTVEANGKHKTGPNLHGLFGRKTGQAPGFTYTDANKNKGITWGPDTLWIYLENPKKYIPGTKMVFAGLKKKTERADLIAYLKEATS,Other
Algae,MGDNIDWSKAPAGDSTAGGKTFKTKCAQCHVAEKGGGHKQGPNLGGLFGRTSGTAAGYSYSAANKSKAVEWKEETLYEYLLNPKKYIPGTKMVFPGLKKPKDRADLIAYLKEATA,Plant